1,税收
2,广东
3,不知道
4,游泳池
5,合理
6,百元
7,中心
8,准确性
9,历史
10,城市
11,白云山
12,晓得
13,电视
14,碾磨
15,强势
16,定向
17,双鹤
18,包钢
19,强劲
20,是不是
21,收购
22,十年
23,成本
24,核心
25,首席
26,明确
27,系列
28,入户
29,哈佛
30,服装
31,强调
32,集团
33,因素
34,去年
35,免征
36,买进
37,主管
38,手段
39,赚钱
40,进军
41,盘整
42,第一
43,趋势
44,预言
45,龙腾科技
46,绅士
47,分析
48,公开
49,最小
50,重大
51,整体
52,呈现
53,概念股
54,广阔
55,荣誉
56,设立
57,佛山
58,效果
59,国庆
60,建成
61,有序
62,结束
63,涉及
64,条目
65,珠海
66,卫星
67,需求
68,第三方
69,刺激
70,中期
71,平米
72,家电业
73,义务
74,本文
75,权威
76,京东
77,方式
78,证券
79,有望
80,费就得
81,前景
82,多人
83,多亿
84,总经理
85,申请
86,利得
87,对外开放
88,以前
89,全省
90,阳线
91,货物
92,边缘
93,交纳
94,正式
95,夏普
96,哈哈
97,全国
98,资本
99,误导性
100,交易日
101,杀跌
102,国际
103,年底
104,盘子
105,年度
106,卖场
107,清仓
108,范畴
109,假发
110,阵营
111,前身
112,明显
113,发放
114,上海
115,网上药店
116,一平
117,超过
118,发行价
119,业务
120,浪费
121,制度
122,水流
123,园区
124,推进
125,龙头
126,比较
127,业内人士
128,拥有
129,客观性
130,加工
131,物流业
132,内容包括
133,父子
134,双边
135,港交所
136,出台
137,装备
138,兄弟
139,上世纪
140,事项
141,真实性
142,商务部
143,满意
144,组建
145,开一
146,面的
147,连猪都
148,消息
149,区域
150,目标
151,股价
152,动力
153,表现
154,股份
155,英文
156,比例
157,直接
158,造成
159,最高
160,法律法规
161,不会
162,投资机会
163,座谈会
164,供应商
165,金股
166,资产
167,合作
168,激动
169,列入
170,看齐
171,车辆
172,伟哥
173,标准
174,肯定
175,游资
176,营业额
177,甭管
178,上涨
179,本操
180,董事
181,实用
182,惊喜
183,往年
184,专业化
185,胡子敬
186,跌停板
187,不来
188,简称
189,正品
190,商务
191,瑞祥
192,逻辑
193,承诺
194,德国西门子公司
195,原因
196,品种
197,境外
198,剥离
199,购物中心
200,有所
201,四方
202,负责
203,打招呼
204,工作重点
205,专利技术
206,稀土
207,启动
208,持有
209,不保
210,铝业
211,涨幅
212,停产
213,地方
214,主导
215,绿色
216,许可
217,打开
218,代码
219,完整性
220,解决
221,有限公司
222,电器
223,扫描
224,广厦
225,资本运营
226,管家
227,意识
228,伊莱克斯
229,融券
230,基础设施
231,东西
232,画面
233,介绍
234,江西省
235,体制
236,维持
237,不远
238,实施
239,总体
240,下跌
241,污水处理
242,重点
243,开宝
244,四小
245,研究机构
246,加油
247,坐等
248,数字化
249,研究报告
250,费用
251,这是
252,清洁
253,星期五
254,功能
255,内幕
256,新技术
257,短线
258,国民经济
259,物流配送
260,市场化
261,世界
262,资源
263,小心
264,有钱
265,跌停
266,税费
267,发现
268,斥资
269,减少
270,回来
271,过去
272,依托
273,强大
274,预约
275,对应
276,规模化
277,下来
278,条件
279,质量
280,价格
281,净流入
282,高手
283,先进
284,大盘股
285,执行官
286,全体
287,卖出
288,高管
289,日期
290,公寓
291,全社
292,幅度
293,吃货
294,日本
295,组织化
296,香港
297,突出
298,乐视
299,后尘
300,试验区
301,做大做强
302,呵呵
303,编辑
304,高抛低
305,良好
306,陈述
307,黑龙江
308,中国人
309,矿产
310,背景
311,广州
312,扎实
313,江门
314,迅速
315,地区
316,对比
317,坚持
318,转型
319,金融
320,股分
321,共有
322,朋友
323,经济
324,速度
325,水稻
326,决定
327,耐力
328,成功
329,板块
330,推动
331,万股
332,记载
333,管道
334,大阳
335,收入
336,应对
337,半年
338,交易所
339,资金
340,发病
341,跨境
342,居民
343,设施
344,产品
345,农资
346,战略
347,学校
348,期货
349,股东
350,系统
351,创新
352,所得
353,能力
354,加强
355,特莱
356,中山
357,出现
358,券商
359,发发
360,环节
361,公告日
362,精神
363,老庄
364,药品
365,关系
366,特点
367,社会
368,节点
369,法律
370,交税
371,纠缠
372,电商
373,包括
374,细节
375,衔接
376,内贸
377,无量
378,医药
379,急拉
380,平台
381,带来
382,最为
383,人员
384,推荐
385,阻力
386,集团公司
387,安信
388,美金
389,行业
390,实现
391,互动
392,行为
393,腾讯
394,基金
395,费按照
396,成为
397,马就
398,编号
399,联手
400,仿制
401,立案
402,水槽
403,认识
404,复牌
405,托盘
406,生活
407,上市
408,原文
409,业绩
410,深入
411,户型
412,沪港
413,安装
414,理财
415,购物商城
416,从严
417,今生
418,员工
419,试用
420,资产重组
421,负担
422,为主
423,最近
424,处理器
425,下面
426,局面
427,措施
428,炒股
429,星期一
430,我国
431,长虹
432,潜力
433,活力
434,近期
435,外延
436,新高
437,问诊
438,服务平台
439,快速
440,玩游戏
441,搜狐
442,品牌
443,能够
444,前期
445,天马
446,重视
447,能进
448,失败
449,门店
450,档次
451,产业链
452,企稳
453,放弃
454,底部
455,商品
456,液晶
457,抄底
458,理念
459,股市
460,售后服务
461,知道
462,责任
463,一家
464,程序
465,机会
466,新股
467,迎来
468,宽带
469,国企改革
470,风险
471,董事会
472,网点
473,最大
474,庆春路
475,小盘股
476,农产品
477,税收政策
478,顾客
479,疫情
480,资质
481,服务业
482,评级
483,老外
484,上海证券交易所
485,互联网
486,机制
487,焦点
488,叫成
489,华润
490,很大
491,观点
492,走势
493,今年
494,流出
495,税务
496,结尾
497,利益
498,国有企业
499,一行
500,对此
501,会议
502,贯彻
503,知情
504,退出
505,办事处
506,眼神儿
507,巨大
508,一波
509,英国
510,进场
511,特卖
512,巨头
513,资源共享
514,空方
515,收藏
516,交易
517,千美
518,重要
519,发展前景
520,报道
521,现有
522,楼子里
523,多种
524,发来
525,征求
526,中国
527,博西
528,理由
529,住宅
530,小时
531,企业家
532,生产资料
533,公司
534,壮大
535,江西
536,手机
537,停牌
538,效率
539,进行
540,金约
541,所得税
542,空间
543,被套
544,激发
545,公告
546,补涨
547,国家
548,国际化
549,蓝帆
550,企业集团
551,概念
552,遗漏
553,尺寸
554,高度
555,后悔
556,高位
557,门儿
558,通用电气
559,确定
560,光学
561,网络平台
562,探底
563,感冒
564,病例
565,营造
566,不确定性
567,垃圾
568,大盘
569,指数
570,合格
571,鹿心社
572,相关
573,小区
574,转让
575,贵族
576,万台
577,行情
578,诊所
579,品汇
580,专业
581,贾银松
582,为准
583,实际
584,商贸
585,斯大家
586,实力
587,商业
588,人眼
589,回调
590,筹码
591,港股
592,最高点
593,下水道
594,业主
595,中长期
596,时间
597,单价
598,有效
599,办法
600,旗下
601,差价
602,个人所得税
603,股民
604,说说
605,月份
606,估值
607,大跌
608,奔驰
609,发审委
610,市场
611,条款
612,工厂
613,筹划
614,工业
615,亚通
616,持股
617,早上
618,时代
619,包裹
620,阳谋
621,交流
622,十元
623,竞争力
624,产地
625,全国性
626,米得卖
627,低于
628,反复
629,追诉
630,阳穿四
631,申报
632,苹果
633,世纪
634,庄家
635,贵州
636,伦敦
637,对接
638,争取
639,古越龙山
640,性质
641,社区
642,联动
643,傅总
644,反弹
645,农产
646,上市公司
647,自由
648,不到
649,美国
650,维护
651,爱多
652,股权
653,缴纳
654,言就
655,继续
656,面子
657,设计师
658,欧元
659,关该股
660,兼并
661,已有
662,单就可
663,承担
664,公众
665,主力
666,万元
667,假象
668,洗盘
669,导向
670,收益
671,阿里巴巴
672,温度
673,得到
674,收盘
675,一轮
676,涨停
677,光缆
678,印花税
679,呼之欲出
680,神奇
681,翻番
682,辅业
683,面对
684,引导
685,研究
686,冷链
687,产生
688,拟定
689,有利于
690,以为
691,落实
692,交通
693,安全
694,港区
695,前提
696,饱和度
697,红字
698,单位
699,上线
700,募集资
701,回升
702,旗舰
703,投资者
704,越来越
705,召开
706,眼神
707,来根
708,发挥
709,散户
710,所属
711,不在乎
712,家电产品
713,双方
714,不断
715,有事
716,一根
717,项目
718,五年
719,内容
720,医疗
721,称号
722,决议
723,定义
724,民资
725,净利润
726,注意
727,面板
728,仓位
729,没法
730,完善
731,字儿
732,累
733,三年
734,高端
735,注重
736,博世
737,喜欢
738,方向
739,骨头
740,口号
741,电影
742,日发布
743,鼓励
744,天方
745,国内首家
746,供应链
747,八路军
748,不足
749,方案
750,涨停板
751,网络
752,顺丰
753,京华时报
754,体系
755,传统
756,审批
757,先期
758,问题
759,法国
760,低估
761,关注
762,平板
763,厦门
764,愿意
765,万名
766,较大
767,关心
768,食品
769,旗舰店
770,股本
771,步伐
772,下马威
773,自创
774,站上
775,意思
776,电子
777,基础
778,显示
779,追高
780,中医
781,只能
782,意志
783,防范
784,百货
785,完毕
786,方法
787,双雄
788,行政
789,份额
790,暴涨
791,物质
792,巨资
793,莱斯
794,题材
795,消费者
796,结合
797,沿线
798,元和
799,下午
800,经理人
801,邻居
802,目的
803,餐饮
804,三方
805,利好
806,能源
807,影院
808,牛股
809,七年
810,季度
811,海外
812,主体
813,教给
814,均线
815,国贸
816,不见
817,海信
818,阿特
819,金起
820,折扣
821,优势
822,资源配置
823,博客
824,个股
825,上述
826,环境
827,过程
828,协调
829,食物
830,等待
831,预期
832,力度
833,外资
834,投资环境
835,落后
836,覆盖
837,适度
838,计划
839,周边
840,支撑
841,相信
842,疯牛
843,自贸区
844,适应
845,意见
846,农业
847,欢迎
848,每五个
849,戏言
850,机构
851,处方药
852,跟随
853,电子商务
854,不好意思
855,普及率
856,工作
857,车呀
858,符合
859,状况
860,物流
861,状态
862,百灵
863,确保
864,值得
865,正常
866,欧美
867,签订
868,老鼠
869,经济报道
870,万东
871,自然
872,西门子
873,老牌
874,王婵
875,说明
876,价值
877,管理层
878,顶
879,获得
880,共享
881,一进
882,家电行业
883,敬请
884,子同
885,相比
886,负责人
887,竟是
888,粮库
889,进入
890,发明
891,地面
892,情况
893,实施方案
894,转自
895,不要
896,开放性
897,地道
898,税率
899,努力
900,爆炸
901,促进
902,股票
903,人士
904,高点
905,紧跟
906,来源
907,导致
908,连跌
909,粮食
910,查处
911,最新消息
912,建发
913,花园
914,利空
915,使劲
916,场景
917,健康
918,创新性
919,国家开发投资公司
920,漲停
921,企业
922,激光
923,天猫
924,开展
925,电梯
926,大腕
927,部门
928,心理
929,交通运输
930,市值
931,看好
932,实行
933,等于
934,器具
935,南京
936,价钱
937,信息
938,赢利
939,开通
940,到来
941,关键
942,诚信
943,用户
944,特价
945,马上要
946,秩序
947,哥们
948,领域
949,主题
950,溢价
951,售后
952,响应
953,考虑
954,股值
955,期待
956,购买
957,明年
958,初期
959,备案
960,科技
961,打断
962,记者
963,方面
964,全世界
965,通道
966,点击
967,设备
968,中枢
969,需要
970,智能
971,水平
972,产业
973,年成
974,集约化
975,并能
976,五矿
977,傅育宁
978,都比
979,增强
980,利润
981,西门
982,政府
983,长城
984,预测
985,候诊
986,觉得
987,利税
988,开盘
989,委员
990,黄酒
991,暴跌
992,要说
993,小康社会
994,税项
995,用地
996,政策
997,了解
998,创造
999,信号
1000,规定
1001,物流服务
1002,韩国
1003,没事儿
1004,实质性
1005,欧洲
1006,国务院
1007,保险
1008,投资建议
1009,万条
1010,买入
1011,全球
1012,别为
1013,冶炼
1014,买房
1015,值钱
1016,集成
1017,网站
1018,迷恋
1019,改变
1020,商场
1021,覆盖率
1022,问世
1023,主流
1024,上午
1025,上千
1026,引发
1027,近日
1028,奥特
1029,处于
1030,教材
1031,专注
1032,技术
1033,模式
1034,数据
1035,年产
1036,研制
1037,短期
1038,减轻
1039,达到
1040,增发
1041,龙山
1042,作用
1043,李小
1044,发力
1045,花费
1046,看见
1047,组织
1048,中小企业
1049,现状
1050,鞋帽
1051,周期
1052,收储
1053,配备
1054,服务功能
1055,周线
1056,铁矿石
1057,投影
1058,土地
1059,给予
1060,电视业
1061,日报
1062,合资企业
1063,厨房
1064,集聚
1065,英利浦
1066,董事长
1067,完了
1068,高效
1069,流程
1070,会见
1071,规模
1072,阶段
1073,日韩
1074,所有制
1075,光源
1076,基地
1077,登革热
1078,追涨
1079,领导
1080,新产品
1081,建一
1082,发布
1083,主营业务
1084,花个万
1085,经营管理
